{
  "version": 1,
  "author": "Anonymous maker",
  "editor": "wokwi",
  "parts": [
    {
      "type": "board-pi-pico-w",
      "id": "pico",
      "top": -99.25,
      "left": -25.25,
      "attrs": { "env": "micropython-20231227-v1.22.0" }
    },
    {
      "type": "board-ssd1306",
      "id": "oled1",
      "top": -6.46,
      "left": 125.03,
      "attrs": { "i2cAddress": "0x3c" }
    },
    { "type": "wokwi-dht22", "id": "dht1", "top": -76.5, "left": -159, "attrs": {} }
  ],
  "connections": [
    [ "pico:3V3", "oled1:VCC", "red", [ "h0" ] ],
    [ "oled1:GND", "pico:GND.8", "black", [ "v0" ] ],
    [ "pico:GP17", "oled1:SCL", "blue", [ "h183.6", "v-96" ] ],
    [ "pico:GP16", "oled1:SDA", "violet", [ "h20.4", "v-124.8", "h115.13" ] ],
    [ "dht1:GND", "pico:GND.8", "black", [ "h28.8", "v-105.6" ] ],
    [ "dht1:VCC", "pico:3V3", "red", [ "h-28.8", "v-124.8", "h220.49" ] ],
    [ "pico:GP2", "dht1:SDA", "green", [ "h-57.6", "v96" ] ]
  ],
  "dependencies": {}
}